               epoch,      train/box_loss,      train/obj_loss,      train/cls_loss,   metrics/precision,      metrics/recall,     metrics/mAP_0. 5,metrics/mAP_0.5:0.95,        val/box_loss,        val/obj_loss,        val/cls_loss,               x/lr0,               x/lr1,               x/lr2
                   0,             0.10108,           0.0033499,           0.0094171,             0.43353,             0.35614,             0.31514,             0.17946,            0.067787,           0.0026168,           0.0077584,           0.0015991,           0.0015991,            0.026613
                   1,             0.08071,           0.0024946,           0.0076503,             0.52987,             0.36892,             0.38195,             0.22021,            0.063926,           0.0021442,           0.0066078,            0.003199,            0.003199,            0.003213
                   2,            0.078482,           0.0022896,           0.0070596,             0.53869,             0.39241,               0.404,             0.23502,             0.06294,           0.0020317,           0.0062771,           0.0031997,           0.0031997,           0.0031997
                   3,            0.077386,           0.0022434,           0.0068507,             0.50786,              0.4239,             0.41399,             0.24261,            0.062307,           0.0020064,           0.0061315,           0.0031997,           0.0031997,           0.0031997
                   4,            0.076849,           0.0022342,           0.0067221,             0.54793,             0.41293,              0.4215,              0.2486,            0.061945,           0.0019797,           0.0060412,           0.0031994,           0.0031994,           0.0031994
                   5,             0.07626,           0.0022072,           0.0066191,             0.54645,             0.41225,             0.42311,              0.2498,            0.061685,            0.001954,           0.0059923,           0.0031989,           0.0031989,           0.0031989
                   6,            0.075889,           0.0022024,           0.0065475,             0.52007,              0.4348,             0.42921,              0.2541,            0.061365,           0.0019484,           0.0059186,           0.0031983,           0.0031983,           0.0031983
                   7,            0.075578,           0.0021748,           0.0064874,             0.55591,             0.41858,             0.43101,             0.25593,            0.061154,            0.001936,           0.0058795,           0.0031976,           0.0031976,           0.0031976
                   8,            0.075357,           0.0021796,           0.0064622,             0.52685,             0.44287,             0.43731,             0.25945,            0.060954,           0.0019257,           0.0058229,           0.0031967,           0.0031967,           0.0031967
                   9,            0.075088,           0.0021576,           0.0063925,             0.53972,             0.43703,             0.43963,             0.26225,            0.060741,           0.0019127,           0.0057654,           0.0031957,           0.0031957,           0.0031957
                  10,            0.074867,           0.0021635,           0.0063471,             0.55897,              0.4337,             0.44189,             0.26367,            0.060609,           0.0019065,           0.0057612,           0.0031945,           0.0031945,           0.0031945
                  11,            0.074825,           0.0021601,            0.006327,             0.54389,             0.44414,             0.44399,             0.26507,            0.060446,           0.0018987,           0.0057188,           0.0031932,           0.0031932,           0.0031932
                  12,            0.074632,           0.0021477,           0.0062757,             0.56128,             0.43559,             0.44596,             0.26658,            0.060321,           0.0018929,           0.0056968,           0.0031918,           0.0031918,           0.0031918
                  13,            0.074465,           0.0021372,           0.0062625,              0.5524,             0.44439,             0.44943,             0.26935,            0.060222,            0.001887,           0.0056743,           0.0031902,           0.0031902,           0.0031902
                  14,            0.074362,           0.0021132,           0.0062375,             0.55835,             0.44299,             0.45185,             0.27102,            0.060119,           0.0018816,           0.0056492,           0.0031885,           0.0031885,           0.0031885
                  15,            0.074212,           0.0021187,           0.0062053,             0.54391,             0.45331,             0.45286,             0.27144,            0.060047,           0.0018785,           0.0056364,           0.0031867,           0.0031867,           0.0031867
                  16,            0.074181,           0.0021398,           0.0061946,             0.54224,             0.45766,              0.4543,              0.2724,            0.059971,           0.0018757,           0.0056245,           0.0031848,           0.0031848,           0.0031848
                  17,            0.073775,           0.0021084,           0.0061206,              0.5676,             0.44488,             0.45549,             0.27342,            0.059885,           0.0018729,           0.0056114,           0.0031827,           0.0031827,           0.0031827
                  18,            0.073783,           0.0021156,           0.0060926,             0.55625,             0.45331,             0.45659,             0.27422,            0.059827,           0.0018709,           0.0055996,           0.0031804,           0.0031804,           0.0031804
                  19,            0.073841,           0.0021159,            0.006125,             0.56657,             0.44827,             0.45739,             0.27493,            0.059776,           0.0018687,           0.0055861,           0.0031781,           0.0031781,           0.0031781
                  20,            0.073569,           0.0020885,            0.006107,             0.57995,             0.44068,             0.45792,             0.27541,            0.059726,           0.0018667,           0.0055773,           0.0031756,           0.0031756,           0.0031756
                  21,              0.0737,           0.0021113,           0.0060718,             0.58576,             0.43832,             0.45842,             0.27579,            0.059686,           0.0018647,           0.0055687,           0.0031729,           0.0031729,           0.0031729
                  22,            0.073267,           0.0021016,           0.0060396,             0.56996,             0.44713,             0.45892,             0.27625,            0.059653,           0.0018633,           0.0055603,           0.0031702,           0.0031702,           0.0031702
                  23,            0.073349,           0.0021045,            0.006043,             0.57621,              0.4449,             0.45971,             0.27694,            0.059619,           0.0018614,           0.0055515,           0.0031673,           0.0031673,           0.0031673
                  24,            0.073387,           0.0020889,           0.0060344,             0.57143,             0.44879,             0.46031,             0.27734,            0.059587,           0.0018599,           0.0055434,           0.0031643,           0.0031643,           0.0031643
                  25,            0.072988,           0.0020911,           0.0060137,             0.57844,             0.44685,             0.46097,             0.27788,            0.059551,           0.0018584,           0.0055337,           0.0031611,           0.0031611,           0.0031611
                  26,            0.073122,           0.0021073,           0.0059888,             0.57333,             0.45034,             0.46177,             0.27854,            0.059516,           0.0018565,           0.0055249,           0.0031578,           0.0031578,           0.0031578
                  27,            0.073022,           0.0020895,           0.0059929,             0.56817,             0.45423,             0.46245,             0.27937,            0.059482,           0.0018548,           0.0055161,           0.0031544,           0.0031544,           0.0031544
                  28,            0.072917,           0.0020847,           0.0059597,             0.56851,             0.45544,             0.46327,             0.28003,            0.059454,           0.0018533,           0.0055075,           0.0031508,           0.0031508,           0.0031508
                  29,            0.072896,           0.0020844,            0.005963,              0.5752,             0.45249,             0.46388,             0.28048,            0.059423,           0.0018516,              0.0055,           0.0031471,           0.0031471,           0.0031471
                  30,            0.072798,           0.0020937,           0.0059289,             0.56738,             0.45764,             0.46431,             0.28086,            0.059392,           0.0018502,           0.0054936,           0.0031433,           0.0031433,           0.0031433
                  31,            0.072884,           0.0020938,           0.0059305,             0.56798,             0.45812,             0.46503,             0.28132,            0.059362,           0.0018489,           0.0054878,           0.0031394,           0.0031394,           0.0031394
                  32,            0.072604,           0.0020771,           0.0059195,             0.55358,              0.4677,             0.46523,             0.28166,            0.059331,           0.0018476,           0.0054819,           0.0031353,           0.0031353,           0.0031353
                  33,             0.07244,           0.0020812,           0.0058941,             0.55575,             0.46689,             0.46574,             0.28209,            0.059299,           0.0018465,            0.005476,           0.0031311,           0.0031311,           0.0031311
                  34,            0.072513,            0.002076,           0.0058753,             0.55344,             0.46942,             0.46618,             0.28247,             0.05927,            0.001845,           0.0054706,           0.0031268,           0.0031268,           0.0031268
                  35,             0.07248,           0.0020805,           0.0058619,             0.55793,             0.46702,              0.4667,             0.28291,            0.059239,           0.0018437,           0.0054642,           0.0031223,           0.0031223,           0.0031223
                  36,            0.072441,           0.0020799,           0.0058671,              0.5649,             0.46355,             0.46726,             0.28322,            0.059208,           0.0018421,           0.0054582,           0.0031177,           0.0031177,           0.0031177
                  37,            0.072397,           0.0020901,           0.0058697,             0.56942,             0.46221,             0.46778,             0.28357,            0.059173,           0.0018408,           0.0054523,            0.003113,            0.003113,            0.003113
                  38,             0.07216,           0.0020649,           0.0058269,             0.56371,             0.46673,             0.46836,              0.2839,            0.059145,           0.0018395,            0.005447,           0.0031081,           0.0031081,           0.0031081
                  39,            0.072292,           0.0020785,           0.0058386,             0.56311,             0.46807,             0.46864,             0.28431,            0.059115,           0.0018382,           0.0054434,           0.0031032,           0.0031032,           0.0031032
                  40,            0.072248,           0.0020609,           0.0058135,             0.56902,             0.46511,             0.46911,             0.28466,            0.059083,           0.0018366,           0.0054385,            0.003098,            0.003098,            0.003098
                  41,            0.072178,           0.0020834,           0.0058264,             0.57697,             0.46061,             0.46956,              0.2851,            0.059053,           0.0018355,           0.0054337,           0.0030928,           0.0030928,           0.0030928
                  42,            0.072168,           0.0020634,           0.0058035,             0.57762,             0.46108,             0.47033,             0.28557,            0.059019,           0.0018342,           0.0054289,           0.0030875,           0.0030875,           0.0030875
                  43,            0.071804,           0.0020614,           0.0057616,             0.57336,             0.46388,             0.47066,             0.28611,            0.058989,           0.0018329,           0.0054249,            0.003082,            0.003082,            0.003082
                  44,            0.072063,           0.0020702,           0.0057886,             0.56023,             0.47265,             0.47086,             0.28635,            0.058958,           0.0018321,           0.0054206,           0.0030764,           0.0030764,           0.0030764
                  45,            0.071899,           0.0020654,           0.0057537,             0.58437,              0.4588,             0.47147,             0.28684,            0.058929,           0.0018311,           0.0054159,           0.0030707,           0.0030707,           0.0030707
                  46,            0.071969,           0.0020677,           0.0057922,              0.5911,             0.45574,             0.47184,             0.28728,            0.058897,           0.0018302,           0.0054116,           0.0030648,           0.0030648,           0.0030648
                  47,            0.071867,             0.00207,           0.0057433,             0.56435,             0.47165,             0.47229,             0.28759,            0.058873,           0.0018292,           0.0054095,           0.0030588,           0.0030588,           0.0030588
                  48,            0.071678,           0.0020638,           0.0057316,             0.58924,             0.45823,             0.47287,             0.28788,            0.058847,           0.0018283,           0.0054059,           0.0030528,           0.0030528,           0.0030528
                  49,            0.071849,           0.0020667,           0.0057429,             0.57349,             0.46824,             0.47357,             0.28829,            0.058815,           0.0018274,           0.0054006,           0.0030465,           0.0030465,           0.0030465
                  50,            0.071665,           0.0020777,           0.0057256,             0.57499,             0.46742,             0.47424,              0.2887,            0.058786,           0.0018265,           0.0053947,           0.0030402,           0.0030402,           0.0030402
                  51,            0.071662,           0.0020489,           0.0057448,             0.58127,             0.46408,             0.47495,             0.28921,            0.058757,           0.0018254,           0.0053881,           0.0030337,           0.0030337,           0.0030337
                  52,            0.071488,           0.0020581,           0.0056974,             0.56642,             0.47369,             0.47535,             0.28952,            0.058733,           0.0018245,            0.005384,           0.0030272,           0.0030272,           0.0030272
                  53,            0.071548,           0.0020615,            0.005707,             0.57093,             0.47179,              0.4759,             0.28978,            0.058707,           0.0018238,           0.0053798,           0.0030205,           0.0030205,           0.0030205
                  54,            0.071629,           0.0020606,           0.0057096,             0.57383,              0.4706,             0.47613,             0.29018,            0.058684,           0.0018227,           0.0053758,           0.0030137,           0.0030137,           0.0030137
                  55,             0.07138,            0.002062,           0.0056641,              0.5755,             0.47033,             0.47639,             0.29058,            0.058659,           0.0018218,           0.0053727,           0.0030067,           0.0030067,           0.0030067
                  56,            0.071583,           0.0020654,           0.0056897,             0.57441,             0.47113,             0.47713,             0.29103,            0.058639,            0.001821,           0.0053699,           0.0029997,           0.0029997,           0.0029997
                  57,            0.071383,           0.0020595,           0.0056744,             0.56689,             0.47585,             0.47719,             0.29092,             0.05862,           0.0018203,           0.0053681,           0.0029925,           0.0029925,           0.0029925
                  58,            0.071347,           0.0020615,           0.0056528,             0.56608,             0.47637,             0.47771,             0.29113,              0.0586,           0.0018195,           0.0053662,           0.0029852,           0.0029852,           0.0029852
                  59,            0.071141,           0.0020436,           0.0056355,             0.59667,             0.45852,              0.4779,             0.29144,            0.058581,           0.0018187,           0.0053638,           0.0029778,           0.0029778,           0.0029778
                  60,            0.071221,           0.0020428,           0.0056432,             0.58415,             0.46594,             0.47826,             0.29157,            0.058566,           0.0018179,           0.0053606,           0.0029703,           0.0029703,           0.0029703
                  61,             0.07101,           0.0020373,           0.0056437,             0.59526,             0.46029,             0.47855,             0.29187,            0.058547,            0.001817,           0.0053575,           0.0029627,           0.0029627,           0.0029627
                  62,            0.070907,           0.0020289,           0.0056118,             0.59163,             0.46288,             0.47903,             0.29213,             0.05853,           0.0018163,           0.0053545,            0.002955,            0.002955,            0.002955
                  63,            0.070955,           0.0020421,           0.0056233,             0.58633,             0.46712,             0.47942,             0.29221,            0.058513,           0.0018153,           0.0053517,           0.0029471,           0.0029471,           0.0029471
                  64,              0.0709,           0.0020516,           0.0056211,             0.57842,             0.47165,             0.47961,             0.29242,            0.058498,           0.0018146,           0.0053491,           0.0029392,           0.0029392,           0.0029392
                  65,            0.070887,           0.0020481,           0.0055963,             0.57505,             0.47359,             0.47974,             0.29265,            0.058475,           0.0018138,           0.0053478,           0.0029311,           0.0029311,           0.0029311
                  66,            0.071118,            0.002057,           0.0055945,             0.59567,             0.46147,             0.48006,             0.29278,            0.058457,           0.0018131,           0.0053474,           0.0029229,           0.0029229,           0.0029229
                  67,            0.070631,           0.0020369,           0.0055847,             0.57367,              0.4744,             0.48023,             0.29312,            0.058437,           0.0018124,           0.0053461,           0.0029146,           0.0029146,           0.0029146
                  68,            0.070766,           0.0020476,           0.0055918,             0.60304,             0.45875,             0.48058,             0.29337,            0.058415,           0.0018117,           0.0053442,           0.0029062,           0.0029062,           0.0029062
                  69,            0.070545,           0.0020283,           0.0055813,             0.58415,             0.46999,             0.48115,             0.29368,            0.058397,           0.0018111,           0.0053414,           0.0028977,           0.0028977,           0.0028977
                  70,            0.070822,           0.0020362,           0.0055827,             0.58056,             0.47268,             0.48146,             0.29391,            0.058382,           0.0018105,           0.0053393,           0.0028891,           0.0028891,           0.0028891
                  71,            0.070673,           0.0020474,           0.0055453,              0.5817,             0.47275,             0.48172,             0.29406,            0.058363,           0.0018099,           0.0053367,           0.0028804,           0.0028804,           0.0028804
                  72,            0.070616,           0.0020349,           0.0055493,             0.59952,             0.46275,             0.48197,             0.29439,            0.058345,           0.0018093,           0.0053345,           0.0028716,           0.0028716,           0.0028716
                  73,            0.070598,           0.0020334,           0.0055381,             0.59451,             0.46607,             0.48257,             0.29477,            0.058329,           0.0018085,           0.0053321,           0.0028627,           0.0028627,           0.0028627
                  74,            0.070704,           0.0020412,           0.0055395,             0.60044,             0.46267,             0.48266,             0.29484,            0.058315,           0.0018079,           0.0053304,           0.0028536,           0.0028536,           0.0028536
                  75,            0.070369,           0.0020331,           0.0055365,             0.60071,             0.46311,             0.48283,             0.29501,            0.058303,           0.0018073,           0.0053293,           0.0028445,           0.0028445,           0.0028445
                  76,            0.070461,           0.0020251,           0.0055277,             0.60641,             0.46042,             0.48319,             0.29521,            0.058277,           0.0018067,           0.0053262,           0.0028353,           0.0028353,           0.0028353
                  77,            0.070421,           0.0020224,           0.0055056,             0.59413,             0.46799,             0.48366,             0.29556,            0.058258,           0.0018064,           0.0053245,           0.0028259,           0.0028259,           0.0028259
                  78,            0.070545,           0.0020371,           0.0055206,             0.59775,             0.46639,             0.48402,             0.29579,            0.058246,           0.0018056,           0.0053221,           0.0028165,           0.0028165,           0.0028165
                  79,            0.070087,           0.0020229,            0.005493,             0.60333,             0.46417,             0.48447,              0.2963,             0.05823,            0.001805,           0.0053209,            0.002807,            0.002807,            0.002807
                  80,             0.07039,           0.0020353,           0.0054996,             0.60635,             0.46258,             0.48486,              0.2965,            0.058211,           0.0018047,           0.0053198,           0.0027973,           0.0027973,           0.0027973
                  81,            0.070435,           0.0020294,           0.0055212,             0.60527,             0.46351,             0.48547,             0.29676,            0.058196,            0.001804,           0.0053181,           0.0027876,           0.0027876,           0.0027876
                  82,             0.07039,            0.002019,           0.0054668,             0.57884,              0.4787,             0.48571,               0.297,            0.058181,           0.0018035,           0.0053175,           0.0027778,           0.0027778,           0.0027778
                  83,            0.070261,           0.0020205,           0.0054841,             0.58052,             0.47754,             0.48603,             0.29702,            0.058167,           0.0018031,           0.0053156,           0.0027679,           0.0027679,           0.0027679
                  84,            0.070054,           0.0020074,           0.0054615,             0.59773,             0.46858,             0.48629,             0.29737,            0.058161,           0.0018027,            0.005315,           0.0027579,           0.0027579,           0.0027579
                  85,            0.070107,           0.0020347,           0.0054626,             0.59424,             0.47031,             0.48647,             0.29758,            0.058152,            0.001802,           0.0053141,           0.0027478,           0.0027478,           0.0027478
                  86,            0.069923,           0.0020191,           0.0054426,              0.6056,             0.46478,             0.48674,             0.29776,            0.058145,           0.0018015,           0.0053124,           0.0027376,           0.0027376,           0.0027376
                  87,            0.070085,           0.0020192,           0.0054461,             0.60984,             0.46263,             0.48713,             0.29788,            0.058136,           0.0018008,           0.0053108,           0.0027273,           0.0027273,           0.0027273
                  88,            0.070102,             0.00203,           0.0054453,              0.6012,             0.46763,             0.48709,             0.29786,            0.058133,           0.0018006,           0.0053095,           0.0027169,           0.0027169,           0.0027169
                  89,            0.069911,           0.0020293,            0.005416,             0.61749,             0.46042,             0.48729,             0.29808,            0.058119,           0.0018003,            0.005309,           0.0027064,           0.0027064,           0.0027064
                  90,            0.069829,           0.0020197,           0.0054024,             0.62546,             0.45671,             0.48749,             0.29816,            0.058102,           0.0017997,           0.0053076,           0.0026959,           0.0026959,           0.0026959
                  91,            0.069932,           0.0020167,           0.0054154,             0.61731,             0.46086,             0.48777,             0.29831,            0.058094,           0.0017996,           0.0053063,           0.0026852,           0.0026852,           0.0026852
                  92,            0.069803,           0.0020025,           0.0054293,             0.61807,              0.4608,             0.48807,              0.2984,            0.058084,            0.001799,            0.005304,           0.0026745,           0.0026745,           0.0026745
                  93,            0.070014,           0.0020317,           0.0054155,             0.61129,             0.46523,             0.48836,             0.29866,            0.058074,           0.0017992,           0.0053021,           0.0026637,           0.0026637,           0.0026637
                  94,            0.069896,           0.0020172,            0.005424,             0.60266,             0.47061,             0.48851,              0.2987,             0.05807,           0.0017987,           0.0053014,           0.0026528,           0.0026528,           0.0026528
                  95,            0.069836,           0.0020164,           0.0053979,             0.60152,             0.47118,             0.48846,             0.29877,            0.058067,           0.0017984,           0.0052992,           0.0026418,           0.0026418,           0.0026418
                  96,            0.069406,           0.0020096,           0.0053822,             0.60362,             0.47001,             0.48924,             0.29931,            0.058057,            0.001798,           0.0052965,           0.0026307,           0.0026307,           0.0026307
                  97,            0.069622,           0.0020027,           0.0053863,             0.61561,             0.46376,             0.48972,             0.29952,            0.058045,           0.0017976,           0.0052935,           0.0026196,           0.0026196,           0.0026196
                  98,            0.069763,           0.0020193,           0.0053631,             0.59272,             0.47707,             0.48986,             0.29938,            0.058044,            0.001797,           0.0052928,           0.0026084,           0.0026084,           0.0026084
                  99,            0.069507,           0.0020177,           0.0053455,             0.61259,             0.46595,             0.48989,             0.29951,            0.058035,           0.0017965,           0.0052927,           0.0025971,           0.0025971,           0.0025971
                 100,            0.069646,           0.0020175,           0.0053715,              0.6091,             0.46776,             0.49007,             0.29951,            0.058028,           0.0017961,           0.0052925,           0.0025857,           0.0025857,           0.0025857
                 101,            0.069551,           0.0020083,           0.0053596,             0.59074,             0.47839,              0.4903,             0.29964,            0.058019,           0.0017958,           0.0052915,           0.0025742,           0.0025742,           0.0025742
                 102,             0.06958,            0.002011,           0.0053503,             0.59781,             0.47437,             0.49027,             0.29968,            0.058012,           0.0017955,           0.0052904,           0.0025627,           0.0025627,           0.0025627
                 103,            0.069519,           0.0020256,           0.0053289,              0.5868,             0.48083,             0.49067,             0.29995,            0.058009,           0.0017955,           0.0052893,           0.0025511,           0.0025511,           0.0025511
                 104,            0.069466,           0.0020185,           0.0053476,             0.58442,             0.48296,              0.4909,             0.30021,            0.058001,            0.001795,           0.0052862,           0.0025394,           0.0025394,           0.0025394
                 105,            0.069437,            0.002014,           0.0053304,             0.58732,              0.4822,             0.49119,              0.3005,            0.057995,           0.0017947,           0.0052835,           0.0025277,           0.0025277,           0.0025277
                 106,            0.069452,           0.0020154,           0.0053218,             0.58573,             0.48313,             0.49128,             0.30049,            0.057987,           0.0017945,            0.005282,           0.0025159,           0.0025159,           0.0025159
                 107,             0.06923,            0.002002,           0.0053148,             0.58897,             0.48128,             0.49149,             0.30066,            0.057984,           0.0017941,           0.0052813,            0.002504,            0.002504,            0.002504
                 108,            0.069531,           0.0020017,           0.0053327,             0.59562,             0.47697,             0.49179,             0.30074,            0.057977,           0.0017938,           0.0052796,            0.002492,            0.002492,            0.002492
                 109,            0.069314,           0.0020091,           0.0053015,             0.58095,             0.48554,             0.49208,              0.3009,            0.057972,           0.0017932,            0.005277,             0.00248,             0.00248,             0.00248
                 110,            0.069396,           0.0020062,           0.0053032,             0.60048,             0.47406,              0.4923,             0.30104,            0.057968,           0.0017934,           0.0052755,           0.0024679,           0.0024679,           0.0024679
                 111,            0.069145,           0.0020199,           0.0052992,             0.61136,             0.46914,             0.49256,             0.30136,            0.057962,            0.001793,           0.0052736,           0.0024557,           0.0024557,           0.0024557
                 112,            0.069041,           0.0020076,           0.0052559,             0.60829,             0.47113,             0.49276,             0.30154,            0.057955,           0.0017927,            0.005273,           0.0024435,           0.0024435,           0.0024435
                 113,            0.069137,           0.0019987,           0.0052842,             0.61128,             0.47042,             0.49281,             0.30139,            0.057946,           0.0017924,           0.0052729,           0.0024312,           0.0024312,           0.0024312
                 114,            0.069198,           0.0020197,           0.0052905,             0.60877,             0.47042,             0.49269,             0.30134,            0.057937,           0.0017922,           0.0052721,           0.0024189,           0.0024189,           0.0024189
                 115,            0.069269,           0.0020188,           0.0052811,             0.60112,             0.47522,             0.49282,             0.30141,            0.057931,           0.0017917,            0.005272,           0.0024065,           0.0024065,           0.0024065
                 116,            0.068981,           0.0020087,           0.0052543,             0.59579,              0.4784,             0.49284,             0.30138,            0.057931,           0.0017915,           0.0052724,            0.002394,            0.002394,            0.002394
                 117,            0.069194,           0.0020099,           0.0052487,             0.61189,             0.46915,               0.493,             0.30126,            0.057932,           0.0017913,           0.0052722,           0.0023815,           0.0023815,           0.0023815
                 118,            0.069013,           0.0020031,            0.005255,             0.61024,             0.46989,             0.49269,             0.30102,            0.057927,           0.0017911,           0.0052722,           0.0023689,           0.0023689,           0.0023689
                 119,            0.068852,           0.0020032,           0.0052399,             0.60035,             0.47523,             0.49283,             0.30103,             0.05792,           0.0017908,           0.0052718,           0.0023563,           0.0023563,           0.0023563
                 120,            0.068937,           0.0020023,           0.0052213,             0.60719,              0.4719,             0.49305,             0.30125,            0.057917,           0.0017901,            0.005271,           0.0023436,           0.0023436,           0.0023436
                 121,            0.068739,           0.0019838,           0.0052048,             0.60174,              0.4748,             0.49292,             0.30108,            0.057907,           0.0017901,           0.0052716,           0.0023308,           0.0023308,           0.0023308
                 122,            0.068961,           0.0020084,           0.0052474,             0.59846,             0.47684,             0.49284,             0.30116,            0.057902,           0.0017896,           0.0052727,            0.002318,            0.002318,            0.002318
                 123,            0.068684,           0.0019897,            0.005203,             0.59775,             0.47766,              0.4928,             0.30126,            0.057901,           0.0017896,           0.0052737,           0.0023052,           0.0023052,           0.0023052
                 124,            0.068786,           0.0019996,            0.005242,              0.6004,             0.47624,             0.49293,             0.30127,            0.057899,           0.0017896,           0.0052738,           0.0022923,           0.0022923,           0.0022923
                 125,            0.068728,           0.0019928,           0.0052244,             0.60338,             0.47493,              0.4928,             0.30133,            0.057898,           0.0017893,           0.0052743,           0.0022793,           0.0022793,           0.0022793
                 126,            0.068639,           0.0019883,           0.0052024,              0.6021,             0.47616,              0.4933,              0.3016,            0.057894,           0.0017891,            0.005275,           0.0022663,           0.0022663,           0.0022663
                 127,            0.068687,           0.0019868,           0.0051959,             0.60466,              0.4746,             0.49353,             0.30191,            0.057887,           0.0017889,           0.0052742,           0.0022533,           0.0022533,           0.0022533
                 128,            0.068661,               0.002,           0.0051775,              0.5978,             0.47848,             0.49346,             0.30197,             0.05788,           0.0017885,           0.0052744,           0.0022402,           0.0022402,           0.0022402
                 129,            0.068685,            0.001991,           0.0051817,             0.60749,             0.47347,             0.49369,             0.30217,            0.057879,           0.0017885,           0.0052757,           0.0022271,           0.0022271,           0.0022271
                 130,            0.068494,           0.0019894,           0.0051672,             0.60162,             0.47631,             0.49384,             0.30213,            0.057877,           0.0017882,           0.0052778,           0.0022139,           0.0022139,           0.0022139
                 131,            0.068542,           0.0019818,           0.0051721,              0.6056,             0.47443,             0.49396,             0.30203,            0.057873,           0.0017882,           0.0052786,           0.0022007,           0.0022007,           0.0022007
                 132,            0.068589,           0.0019884,           0.0051501,             0.60363,              0.4754,             0.49411,             0.30216,             0.05787,            0.001788,           0.0052791,           0.0021875,           0.0021875,           0.0021875
                 133,            0.068474,           0.0019779,           0.0051529,              0.6083,             0.47328,             0.49476,              0.3024,            0.057869,           0.0017879,           0.0052786,           0.0021742,           0.0021742,           0.0021742
                 134,            0.068464,           0.0019943,           0.0051612,             0.61577,                0.47,             0.49493,             0.30263,            0.057865,           0.0017879,           0.0052774,           0.0021609,           0.0021609,           0.0021609
                 135,            0.068387,           0.0019945,           0.0051441,             0.60473,             0.47539,             0.49479,             0.30253,            0.057862,           0.0017877,           0.0052767,           0.0021475,           0.0021475,           0.0021475
                 136,            0.068434,           0.0019846,           0.0051549,             0.61874,             0.46767,             0.49494,             0.30268,             0.05786,           0.0017875,            0.005276,           0.0021341,           0.0021341,           0.0021341
                 137,            0.068296,           0.0019833,           0.0051359,             0.61077,              0.4713,             0.49491,             0.30265,            0.057857,           0.0017873,           0.0052753,           0.0021207,           0.0021207,           0.0021207
                 138,            0.068422,           0.0019807,            0.005101,             0.61424,             0.46965,             0.49489,             0.30257,            0.057856,           0.0017873,           0.0052751,           0.0021072,           0.0021072,           0.0021072
                 139,            0.068263,            0.001984,           0.0051195,             0.60261,             0.47506,             0.49471,              0.3026,            0.057858,           0.0017873,            0.005276,           0.0020937,           0.0020937,           0.0020937
                 140,             0.06825,           0.0019862,           0.0051368,             0.60486,             0.47418,             0.49473,             0.30248,            0.057856,            0.001787,            0.005278,           0.0020802,           0.0020802,           0.0020802
                 141,            0.068336,           0.0019931,           0.0051234,              0.6013,             0.47642,             0.49488,             0.30258,             0.05785,           0.0017869,           0.0052781,           0.0020667,           0.0020667,           0.0020667
                 142,            0.068075,           0.0019701,           0.0050982,             0.59665,             0.47955,             0.49496,             0.30272,            0.057851,           0.0017867,           0.0052767,           0.0020531,           0.0020531,           0.0020531
                 143,            0.068292,           0.0019842,           0.0051179,             0.61448,             0.46993,             0.49446,             0.30248,            0.057849,           0.0017868,           0.0052775,           0.0020395,           0.0020395,           0.0020395
                 144,            0.068259,           0.0019817,           0.0051127,              0.6006,             0.47796,             0.49468,             0.30251,            0.057849,           0.0017867,           0.0052783,           0.0020259,           0.0020259,           0.0020259
                 145,            0.068155,            0.001963,           0.0050958,             0.59045,             0.48367,             0.49468,             0.30259,            0.057838,           0.0017866,           0.0052786,           0.0020123,           0.0020123,           0.0020123
                 146,             0.06818,           0.0019878,           0.0050753,             0.59449,             0.48134,             0.49477,             0.30283,            0.057837,           0.0017867,           0.0052793,           0.0019986,           0.0019986,           0.0019986
                 147,            0.068229,           0.0019785,            0.005082,             0.60301,             0.47628,             0.49479,              0.3028,            0.057834,            0.001787,           0.0052807,           0.0019849,           0.0019849,           0.0019849
                 148,            0.067929,           0.0019569,           0.0050747,             0.59205,             0.48284,             0.49489,             0.30286,            0.057838,            0.001787,           0.0052825,           0.0019712,           0.0019712,           0.0019712
                 149,            0.067933,           0.0019786,           0.0050786,             0.59885,             0.47815,             0.49473,               0.303,            0.057833,           0.0017866,           0.0052841,           0.0019575,           0.0019575,           0.0019575
                 150,            0.068002,           0.0019773,           0.0050697,             0.59361,             0.48113,              0.4949,              0.3032,            0.057824,           0.0017866,           0.0052837,           0.0019438,           0.0019438,           0.0019438
                 151,            0.067903,           0.0019776,           0.0050526,             0.59957,             0.47732,             0.49481,             0.30331,             0.05782,           0.0017862,           0.0052846,             0.00193,             0.00193,             0.00193
                 152,            0.067898,           0.0019792,           0.0050543,             0.62069,               0.467,              0.4949,              0.3032,            0.057821,           0.0017861,           0.0052876,           0.0019162,           0.0019162,           0.0019162
                 153,            0.067855,           0.0019627,            0.005038,             0.62508,              0.4651,              0.4952,             0.30355,            0.057816,           0.0017854,           0.0052889,           0.0019025,           0.0019025,           0.0019025
                 154,            0.067651,           0.0019718,           0.0050417,             0.63159,             0.46167,             0.49516,             0.30369,            0.057812,           0.0017851,           0.0052907,           0.0018887,           0.0018887,           0.0018887
                 155,            0.067823,           0.0019786,           0.0050205,             0.62308,             0.46615,             0.49511,             0.30366,            0.057801,           0.0017848,           0.0052928,           0.0018749,           0.0018749,           0.0018749
                 156,            0.067726,           0.0019744,           0.0050158,             0.62354,             0.46575,             0.49535,             0.30361,            0.057793,           0.0017844,           0.0052941,           0.0018611,           0.0018611,           0.0018611
                 157,            0.067746,           0.0019614,           0.0050065,             0.62176,             0.46637,             0.49522,             0.30354,            0.057787,           0.0017844,           0.0052975,           0.0018473,           0.0018473,           0.0018473
                 158,            0.067844,           0.0019794,            0.005042,             0.59226,             0.48281,             0.49508,             0.30352,            0.057781,           0.0017842,           0.0052976,           0.0018335,           0.0018335,           0.0018335
                 159,            0.067893,           0.0019761,               0.005,             0.61139,             0.47151,             0.49524,             0.30378,             0.05778,            0.001784,           0.0052975,           0.0018196,           0.0018196,           0.0018196
                 160,            0.067917,           0.0019775,           0.0050239,             0.59987,             0.47769,              0.4952,             0.30371,            0.057779,           0.0017842,           0.0052972,           0.0018058,           0.0018058,           0.0018058
                 161,            0.067445,           0.0019592,            0.004985,              0.6013,             0.47635,             0.49522,             0.30369,            0.057772,           0.0017841,           0.0052968,            0.001792,            0.001792,            0.001792
                 162,            0.067548,           0.0019608,           0.0049951,             0.60828,             0.47232,              0.4951,             0.30392,             0.05777,           0.0017841,           0.0052974,           0.0017782,           0.0017782,           0.0017782
                 163,            0.067471,           0.0019638,           0.0049853,             0.60514,             0.47445,             0.49492,             0.30375,            0.057774,           0.0017842,           0.0053004,           0.0017644,           0.0017644,           0.0017644
                 164,            0.067575,           0.0019767,           0.0049709,             0.61829,             0.46744,             0.49484,             0.30363,            0.057781,           0.0017844,           0.0053025,           0.0017505,           0.0017505,           0.0017505
